BEZ,PREIS1
Hebebuehne PKW,"13,00/h"
Hebebuehne LLKW,"18,00/h"
Arbeitsplatz,"8,50/h"
Schweissger MIG,"12,50/h"
Muell,"2,50"
Reinigung,"10,00"
PKWTagespausch,"104,00"
LLKWTagespausch,"144,00"
Altreifen1,"6,00"
Altreifen4,"24,00"
Auswuchtgewichte,"1,50"
Auswuchtzange,"1,20"
Dre-Mo Schluessel,"1,80"
FelgenKnacker,"7,00"
Luftschlauch,"1,60"
Montier-Set Reifen,"2,40"
Montierhebel,"1,20"
Montiermaschine 1x,"3,50"
Montiermaschine 4x,"14,00"
Nuss 17,"1,40"
Nuss 19,"1,40"
Nuss 21,"1,40"
Nuss 22,"1,40"
Reifenfueller,"1,60"
Reifenrep Set DYS,"15,00"
Reifenventil,"0,80"
Reifenventil-Koffer,"5,00"
Reifenwulstsetzer,"5,00"
Schlag + Schlauch,"4,00"
Schlagschrauber,"3,60"
Wuchtmaschine 1x,"4,00"
Wuchtmaschine 4x,"16,00"
Boerdelgeraet,"7,00"
BR-Biege-Zange,"3,60"
Br-Schluessel 10/11,"2,40"
Br-Schluessel 12/13,"2,40"
Br-Schluessel 14/15,"2,40"
Br-Schluessel 16/17,"2,40"
Br-Schluessel 18/19,"2,40"
Br-Schluessel 8/9,"2,40"
Brem Entluefter + Ad,"10,00"
Bremsenentluefter Fl,"2,00"
Bremsfederdruecker,"2,40"
Bremsfederzange,"5,00"
BremsflEnt,"4,00"
Bremsfl Tester,"2,40"
Bremskolbenrueck,"4,00"
Bremspedalhalter,"4,00"
Bremsfeile,"1,60"
Bremssattelhaken,"2,00"
Bremsscheibmess,"2,50"
Bremsschlklemme Gr,"2,00"
Bremsschlklemme Kl,"2,00"
Drahtbuerste,"1,60"
FBremse Anlernen,"30,00"
Offener Ring 10/11,"2,40"
Offener Ring 12/13,"2,40"
Offener Ring 14/15,"2,40"
Offener Ring 16/17,"2,40"
Offener Ring 18/19,"2,40"
Offener Ring 8/9,"2,40"
Rohrschneider Br,"2,50"
Schlagschrauber Mech,"3,50"
Abzieher Gr,"5,00"
Achsm. Zange VW,"5,00"
Achsman. zange Uni,"3,00"
Achsmansch Konus,"5,00"
Antrieb Ausdruecker,"8,00"
Axialgelenk Werkzeug,"4,00"
Druckstuecke,"4,00"
Federspanner,"10,00"
Federspanner MB,"10,00"
Federspanner XL,"15,00"
Getriebeheber,"4,00"
Getriebeheber XL,"7,50"
Gleithammer 10kg,"6,50"
LagerfettF,"4,00"
MB Traggelenk Werk,"7,50"
MB Zapfenschluessel,"3,50"
Mewa LappenF,"0,60"
Querlenker KS Tools,"7,50"
Radlagerwerkzeug,"8,00"
Rohr Verlaengerung,"0,60"
RostloeserF,"9,99"
Silentlager Werkzeug,"8,00"
Spreiznuss,"2,40"
Spurstangenkopf Abz,"3,00"
Stange / Rohr,"0,80"
Stoßdämpferkoffer,"7,50"
Traggelenkwerkzeug,"7,50"
Trenngabel Satz,"4,00"
Uni Achsmans Band,"4,00"
Uni Achsmanschette,"19,00"
VW Querlenk Wkzg,"19,99"
Werkstattpresse,"7,50"
Absaug inkl Altoel,"9,00"
Absaugpumpe klein,"2,40"
Altoel + Filter,"5,00"
Auffangbehälter,"2,40"
DichtringG,"1,20"
DichtringGL,"3,20"
Dichtungsring K,"1,20"
Frostschutz Entsorg,"6,00"
Mewa LappenO,"0,60"
Oelablass Opel,"8,00"
Oelablasssch MB,"12,50"
Oelablasssch VW M,"4,50"
Oelablasssch VW P,"9,00"
Oeldienstschluessel,"2,00"
Oelfilterband,"2,00"
Oelfilterentsorgung,"2,00"
Oelfilterglocke,"2,00"
Oelfilterkette,"2,00"
Oelfilterschl Ford,"4,00"
Oelfilterzange,"2,00"
Oelkanne Gr,"1,20"
Oelmessstab,"2,40"
Quetschring,"1,40"
Service Rueck BMW,"3,00"
Trichter Gr,"0,90"
Vielzahnnuss 30,"2,00"
Vielzahnnuss 32,"2,00"
Vielzahnnuss 34,"2,00"
Vielzahnnuss 36,"2,00"
Filterzange kraffi,"3,00"
Gluehkerzenschlag,"8,00"
Injektor-Fraeser,"7,50"
Injektorwerkzeug,"12,00"
Kompressionstester,"10,00"
Kraftstoffmessgeraet,"10,00"
Kuehlerpresse,"6,00"
Lambda Schluessel,"3,50"
Lima Freilaufwerk,"8,00"
Motorbruecke,"7,50"
Motoreinst 1.2TSI,"20,00"
Motoreinst 1.8TFSI,"20,00"
Motoreinst Satz,"20,00"
Motoreinst TFSI,"20,00"
Motorkran,"7,50"
Motorkran Balancer,"4,00"
SAC Kupplungswerk,"20,00"
Steuerkettenwerkzeug,"20,00"
Turboabdruck-Set,"8,00"
Visko Schl. 32,"3,00"
Visko Schl. 36,"3,00"
Visko Schl. 41,"3,00"
Visko Schl. 46,"3,00"
Zahnriemen Opel,"20,00"
Zahnriemen Renault,"20,00"
Zahnriemenwerkzeug,"20,00"
Zentrierdorn Satz,"5,00"
Zuendkabelzange,"3,00"
Zuendspulenwerkzeug,"4,00"
GetriebeölMessstab,"3,00"
Getriebeoelpumpe +,"7,50"
Getriebeoelpumpe Gr,"7,50"
Getriebeoelpumpe Kl,"3,50"
Getriebeoelspritze,"3,50"
Kupplungszentrierer,"5,00"
Absetz-Lochzange,"5,00"
Abzieher Wischer,"3,50"
Ausbeulsatz,"15,00"
Karosseriepresse,"20,00"
Kartuschenpr Pneu,"4,00"
Kartuschenpresse,"2,50"
Nietenzange,"3,00"
Schaber,"1,20"
Schleifklotz,"1,20"
Schraubzwinge,"2,00"
Senker,"3,00"
UBS-Pistole,"4,00"
UBS-Reiniger,"3,00"
UBS-Spraydose,"10,00"
Unterboden Spray,"10,00"
Unterdruckpumpe V,"7,50"
Unterstellbock,"2,50"
Bremsenpaste an,"2,40"
Bremsenreiniger,"4,99"
Cuttermesser,"2,50"
DPF-Reiniger,"29,99"
Faecherscheibe an,"3,00"
Faecherscheibe neu,"7,00"
Fett mit Pinsel,"2,40"
Fettspray,"11,99"
Firegum,"7,00"
Gehaeusedichtung an,"5,00"
Handschuhe,"5,00"
Karosseriedichtmasse,"9,99"
Lecksuchspray,"9,99"
Loctite,"2,50"
Mewa Lappen,"0,60"
Motordichtmasse An,"5,00"
Nitro,"3,00"
Pinsel,"3,00"
Putzlappen,"0,60"
Rostloeser,"9,99"
Saegemehl,"3,00"
Schaber Ersatz,"1,20"
Trennscheibe 1.0 mm,"4,00"
Zinkspray,"11,00"
Ratsche 1/2 Zoll,"1,80"
Ratsche 3/8 Zoll,"1,80"
Ratsche 1/4 Zoll,"1,80"
Ratsche 3/4 Zoll,"3,00"
Knebel 1/2,"1,80"
zDre-Mo-Groß,"1,80"
zDre-Mo-Klein,"2,80"
Gelenk 1/2 Zoll,"1,80"
Gelenk 3/8 Zoll,"1,80"
Gelenk 1/4 Zoll,"1,80"
Reduzierung1,"0,80"
Reduzierung2,"0,80"
Reduzierung3,"0,80"
Verl 1/2 Zoll,"1,40"
Verl 3/8 Zoll,"1,40"
Verl 1/4 Zoll,"1,40"
yVerl 1/2 XL,"1,40"
zVerl 3/4 Zoll,"1,40"
Lambda Ratsche,"3,50"
Nusskasten,"4,00"
Ratschenkasten G,"8,00"
Ratschenkasten K,"4,00"
T Griff Nuss,"1,60"
Werkzeugkoffer,"8,00"
Zuendkerzen Nuss,"3,60"
S-Zieher Kreuz Gr,"1,80"
S-Zieher Kreuz Mi,"1,40"
S-Zieher Schlitz Gr,"1,80"
S-Zieher Schlitz Mi,"1,40"
Nuss 1/2 10,"1,40"
Nuss 1/2 11,"1,40"
Nuss 1/2 12,"1,40"
Nuss 1/2 13,"1,40"
Nuss 1/2 14,"1,40"
Nuss 1/2 15,"1,40"
Nuss 1/2 16,"1,40"
Nuss 1/2 17,"1,40"
Nuss 1/2 18,"1,40"
Nuss 1/2 19,"1,40"
Nuss 1/2 20,"1,40"
Nuss 1/2 21,"1,40"
Nuss 1/2 22,"1,40"
Nuss 1/2 23,"1,40"
Nuss 1/2 24,"1,40"
Nuss 1/2 25,"1,40"
Nuss 1/2 26,"1,40"
Nuss 1/2 27,"1,40"
Nuss 1/2 28,"1,40"
Nuss 1/2 29,"1,40"
Nuss 1/2 30,"1,40"
Nuss 1/2 31,"1,40"
Nuss 1/2 32,"1,40"
Nuss 1/2 34,"1,40"
Nuss 1/2 36,"1,40"
Nuss 3/4 22,"2,80"
Nuss 3/4 24,"2,80"
Nuss 3/4 27,"2,80"
Nuss 3/4 30,"2,80"
Nuss 3/4 32,"2,80"
Nuss 3/4 34,"2,80"
Nuss 3/4 36,"2,80"
Nuss 3/4 38,"2,80"
Nuss 3/4 41,"2,80"
Nuss 3/4 46,"2,80"
Nuss 3/4 50,"2,80"
Nuss 3/8 10,"1,40"
Nuss 3/8 11,"1,40"
Nuss 3/8 12,"1,40"
Nuss 3/8 13,"1,40"
Nuss 3/8 14,"1,40"
Nuss 3/8 15,"1,40"
Nuss 3/8 16,"1,40"
Nuss 3/8 17,"1,40"
Nuss 3/8 18,"1,40"
Nuss 3/8 19,"1,40"
Nuss 3/8 20,"1,40"
Nuss 3/8 21,"1,40"
Nuss 3/8 22,"1,40"
Nuss 3/8 L 8,"1,40"
Nuss 3/8 L 9,"1,40"
Nuss 3/8 L 10,"1,40"
Nuss 3/8 L 11,"1,40"
Nuss 3/8 L 12,"1,40"
Nuss 3/8 L 13,"1,40"
Nuss 3/8 L 14,"1,40"
Nuss 3/8 L 15,"1,40"
Nuss 3/8 L 16,"1,40"
Nuss 3/8 L 17,"1,40"
Nuss 3/8 L 18,"1,40"
Nuss 3/8 L 19,"1,40"
Nuss 3/8 L 20,"1,40"
Nuss 3/8 L 21,"1,40"
Nuss 3/8 L 22,"1,40"
Nuss 1/4 4,"1,40"
Nuss 1/4 5,"1,40"
Nuss 1/4 5.5,"1,40"
Nuss 1/4 6,"1,40"
Nuss 1/4 6.6,"1,40"
Nuss 1/4 7,"1,40"
Nuss 1/4 8,"1,40"
Nuss 1/4 9,"1,40"
Nuss 1/4 10,"1,40"
Nuss 1/4 11,"1,40"
Nuss 1/4 12,"1,40"
Nuss 1/4 13,"1,40"
Nuss 1/4 14,"1,40"
Nuss 1/4 L 10,"1,40"
Nuss 1/4 L 11,"1,40"
Nuss 1/4 L 12,"1,40"
Nuss 1/4 L 13,"1,40"
Nuss 1/4 L 8,"1,40"
Nuss 1/4 L 9,"1,40"
Inbus H5,"2,40"
Inbus H6,"2,40"
Inbus H7,"2,40"
Inbus H8,"2,40"
Inbus H9,"2,40"
Inbus H10,"2,40"
Inbus H12,"2,40"
Inbus H14,"2,40"
Inbus H17,"2,40"
Inbus H19,"2,40"
Inbus Satz,"3,60"
Inbus Winkel 1.5,"1,40"
Inbus Winkel 10,"1,40"
Inbus Winkel 2.0,"1,40"
Inbus Winkel 2.5,"1,40"
Inbus Winkel 3,"1,40"
Inbus Winkel 4,"1,40"
Inbus Winkel 5,"1,40"
Inbus Winkel 6,"1,40"
Inbus Winkel 7,"1,40"
Inbus Winkel 8,"1,40"
Torx IN T10,"2,00"
Torx IN T15,"2,00"
Torx IN T20,"2,00"
Torx IN T25,"2,00"
Torx IN T27,"2,00"
Torx IN T30,"2,00"
Torx IN T40,"2,00"
Torx IN T45,"2,00"
Torx IN T50,"2,00"
Torx IN T55,"2,00"
Torx IN T60,"2,00"
Torx IN T70,"2,00"
Torx Satz,"2,40"
Torx T-Griff,"2,40"
zRibe IN R5,"2,40"
zRibe IN R6,"2,40"
zRibe IN R7,"2,40"
zRibe IN R8,"2,40"
zRibe IN R9,"2,40"
zRibe IN R10,"2,40"
zRibe IN R12,"2,40"
zRibe IN R13,"2,40"
zRibe IN R14,"2,40"
Torxkasten,"3,60"
Torx AU E4,"2,00"
Torx AU E5,"2,00"
Torx AU E6,"2,00"
Torx AU E7,"2,00"
Torx AU E8,"2,00"
Torx AU E10,"2,00"
Torx AU E12,"2,00"
Torx AU E14,"2,00"
Torx AU E16,"2,00"
Torx AU E18,"2,00"
Torx AU E20,"2,00"
Torx AU E22,"2,00"
Torx AU E24,"2,00"
zRibe AU R5,"2,40"
zRibe AU R6,"2,40"
zRibe AU R7,"2,40"
zRibe AU R8,"2,40"
zRibe AU R9,"2,40"
zRibe AU R10,"2,40"
zRibe AU R12,"2,40"
zRibe AU R13,"2,40"
zRibe AU R14,"2,40"
Vielzahn IN M5,"2,40"
Vielzahn IN M6,"2,40"
Vielzahn IN M8,"2,40"
Vielzahn IN M9,"2,40"
Vielzahn IN M10,"2,40"
Vielzahn IN M12,"2,40"
Vielzahn IN M14,"2,40"
Vielzahn IN M16,"2,40"
Vielzahnsatz VW,"4,00"
Vielzahn AU 8,"2,40"
Vielzahn AU 9,"2,40"
Vielzahn AU 10,"2,40"
Vielzahn AU 11,"2,40"
Vielzahn AU 12,"2,40"
Vielzahn AU 13,"2,40"
Vielzahn AU 14,"2,40"
Vielzahn AU 15,"2,40"
Vielzahn AU 16,"2,40"
Vielzahn AU 17,"2,40"
Vielzahn AU 18,"2,40"
Vielzahn AU 19,"2,40"
Vielzahn AU 20,"2,40"
Vielzahn AU 21,"2,40"
Vielzahn AU 22,"2,40"
Vielzahn AU 24,"2,40"
Vielzahn AU 27,"2,40"
Vielzahn AU 30,"2,40"
Vielzahn AU 32,"2,40"
Vielzahn AU 34,"2,40"
Vielzahn AU 36,"2,40"
Vielzahn AU 38,"2,40"
Vielzahn AU 41,"2,40"
Vielzahn AU 44,"2,40"
Vielzahn AU L,"2,40"
Vielzahn AU L,"2,40"
Vielzahn AU L,"2,40"
Vielzahn AU L,"2,40"
Vielzahn AU L,"2,40"
Vielzahn AU L,"2,40"
Vielzahn AU L,"2,40"
Vielzahn AU L,"2,40"
Gabelring 6,"1,40"
Gabelring 7,"1,40"
Gabelring 8,"1,40"
Gabelring 9,"1,40"
Gabelring 10,"1,40"
Gabelring 11,"1,40"
Gabelring 12,"1,40"
Gabelring 13,"1,40"
Gabelring 14,"1,40"
Gabelring 15,"1,40"
Gabelring 16,"1,40"
Gabelring 17,"1,40"
Gabelring 18,"1,40"
Gabelring 19,"1,40"
Gabelring 20,"1,40"
Gabelring 21,"1,40"
Gabelring 22,"1,40"
Gabelring 23,"1,40"
Gabelring 24,"1,40"
Gabelring 25,"1,40"
Gabelring 26,"1,40"
Gabelring 27,"1,40"
Gabelring 28,"1,40"
Gabelring 29,"1,40"
Gabelring 30,"1,40"
Gabelring 31,"1,40"
Gabelring 32,"1,40"
Gabelring 34,"1,40"
Gabelring 36,"1,40"
Gabelring 38,"1,40"
Gabelring 41,"1,40"
Gabelring 46,"1,40"
Gabelring 50,"1,40"
Ring-Maul Satz,"2,40"
Ringschl 6/7,"1,40"
Ringschl 8/9,"1,40"
Ringschl 10/11,"1,40"
Ringschl 12/13,"1,40"
Ringschl 14/15,"1,40"
Ringschl 16/17,"1,40"
Ringschl 18/19,"1,40"
Ringschl 20/21,"1,40"
Ringschl 22/23,"1,40"
Ringschl 24/25,"1,40"
Ringschl 26/27,"1,40"
Ringschl 28/29,"1,40"
Ringschl 30/32,"1,40"
Ratschenschl 8,"2,40"
Ratschenschl 9,"2,40"
Ratschenschl 10,"2,40"
Ratschenschl 11,"2,40"
Ratschenschl 12,"2,40"
Ratschenschl 13,"2,40"
Ratschenschl 14,"2,40"
Ratschenschl 15,"2,40"
Ratschenschl 16,"2,40"
Ratschenschl 17,"2,40"
Ratschenschl 18,"2,40"
Ratschenschl 19,"2,40"
Ratschenschl 20,"2,40"
Ratschenschl 21,"2,40"
Torx S E6-E8,"2,40"
Torx S E7-E11,"2,40"
Torx S E10/E12,"2,40"
Torx S E14-E18,"2,40"
Torx S E16-E22,"2,40"
Torx S E20-E24,"2,40"
Auspuffdorn,"3,00"
Auspuffhaken,"2,00"
Durchschlag,"1,40"
Gleithammer,"7,00"
Gleithammer klein,"7,00"
Gummi Hammer,"2,40"
Gummi Hammer 10kg,"2,40"
Hammer,"1,40"
Koerner,"1,40"
Meissel,"2,00"
Blechschere,"4,00"
Bolzenschneider,"4,00"
Eisensaege,"3,00"
Feile,"1,60"
Messer,"1,20"
Saege,"3,00"
Abisolierzange,"3,00"
Beisszange,"2,00"
Gripzange Gross,"2,40"
Gripzange klein,"1,60"
Handhaken,"0,80"
Klemmzange,"2,40"
Kombizange,"1,40"
Krafizange,"3,00"
Magnet/Greifer,"1,80"
Quetschzange,"3,00"
Rohrzange,"2,40"
Rohrzange Gross,"3,60"
Saegeringzange,"2,40"
Schlauchsch Zange,"2,40"
Schlauchsch Zange Gr,"3,40"
Schlauchsch Zange Ha,"4,00"
Schlauchsch Zange Ka,"4,00"
Seitenschneider,"1,40"
Spitzzange,"1,40"
Spitzzange X Lang,"2,00"
Uni.Achsm. Zange,"3,00"
Wasserpumpenza Gr,"2,40"
Wasserpumpenzange,"1,40"
Wuchtzange,"1,20"
Zange,"1,40"
Zuendkabelzange,"3,00"
Schlagsch,"3,60"
Schlagsch flach,"6,00"
Schlagsch Gr,"6,00"
Druckluft Knabberer,"5,00"
Druckluft Meissel,"5,00"
Druckluftratsche,"5,00"
Luftflex mit Scheibe,"7,00"
Luftpistole,"1,60"
Luftpistole mit Nase,"2,00"
Luftratsche,"5,00"
Luftsaege,"5,00"
Luftschlauch,"1,60"
Akkuschrauber,"4,00"
Anhaengerdose Pruef,"12,00"
Batterie + Lima Test,"6,00"
Batterie-Lad Gr,"6,00"
Bohrmaschine,"4,00"
Booster Starterpack,"3,50"
Flex + Brille,"6,00"
Flex Kl mit Brille,"3,50"
Fuchs Saegeblatt,"8,00"
Fuchsschwanz,"15,00"
Heissluftfoen,"4,00"
Kabeltrommel,"2,40"
Power Pack,"3,50"
Schleifbock,"3,00"
Stabschleifer,"4,00"
Staubsauger,"5,00"
Zuendstroboskoplampe,"8,00"
Anzug Gradscheibe,"2,40"
Drahtbuerste Akku,"2,50"
Faecherscheibe,"7,00"
Frostschutzpruefer,"1,20"
Handlampe,"3,00"
Haubenlampe,"6,00"
Heissklebepistole,"4,00"
Isolierband,"1,50"
Klebepistole Riegel,"2,00"
Loetkolben + Zinn,"4,00"
Loetverbinder,"1,50"
Multimeter,"3,50"
Prueflampe,"1,80"
Radiergummi Akku,"2,50"
RDKS Aktivator,"5,00"
Starterkabel,"3,00"
Ueberbrueckungskabel,"3,00"
UV-Lampe,"6,00"
Verlaengerungskabel,"2,40"
Druckstueck Presse,"4,00"
Werkstattpresse,"7,50"
Wagenheber,"3,50"
Auffahrrampen klein,"2,50"
Bremsenpruefstand,"6,00"
Getriebeheber,"4,00"
Getriebeheber XL,"7,50"
Kette,"1,20"
Kettenverbinder,"1,00"
Rollwagen,"2,90"
Scheinwerfergeraet,"5,00"
Acetylenbrenner,"7,50"
Spannungsschutz Schw,"3,50"
Leiter,"2,40"
Giesskanne,"1,20"
Eimer,"0,80"
Schraubzwinge,"2,00"
Staenderbohrmaschine,"4,00"
Werkzeugwagen,"15,00"
Buegelmessschraube,"3,00"
Massband,"1,40"
Messbecher,"0,80"
Messschieber,"2,00"
Meterstab,"1,20"
Zollstock,"1,20"
Gewinderatsche,"2,40"
Gewindefeile,"4,00"
Gewindebohrer M4,"2,40"
Gewindebohrer M5,"2,40"
Gewindebohrer M6,"2,40"
Gewindebohrer M7,"2,40"
Gewindebohrer M8,"2,40"
Gewindebohrer M9,"2,40"
Gewindebohrer M10,"2,40"
Gewindebohrer M11,"2,40"
Gewindebohrer M12,"2,40"
Gewindebohrer M14,"2,40"
Gewindebohrer M16,"2,40"
Gewindebohrer M18,"2,40"
Helicoil Einsatz M6,"15,00"
Helicoil Einsatz M8,"15,00"
Helicoil Einsatz M9,"15,00"
Helicoil Einsatz M10,"15,00"
Helicoil Einsatz M12,"15,00"
Helicoil Einsatz M14,"15,00"
Helicoil Einsatz M18,"15,00"
Schraubenausdreher,"2,40"
Stufenbohrer,"4,00"
Antriebswellen Schn,"5,00"
Schneideisen M4,"2,40"
Schneideisen M5,"2,40"
Schneideisen M6,"2,40"
Schneideisen M7,"2,40"
Schneideisen M8,"2,40"
Schneideisen M9,"2,40"
Schneideisen M10,"2,40"
Schneideisen M12,"2,40"
Schneideisen M14,"2,40"
Schneideisen M16,"2,40"
Wendeisen,"2,40"
Arbeitsschutzbrille,"1,40"
Gesichtsschutz,"2,40"
Schutzbrille,"1,20"
Auspinnwerkzeug,"5,00"
Gummiklotz,"1,20"
Gummiklotz,"4,80"
Magnet,"1,60"
Mutternsprenger,"2,40"
Plastik-Hebel,"2,40"
Reissnadel,"1,60"
Schlagzahlen,"5,00"
Spanngurt,"2,00"
Spiegel,"2,00"
Spiegel mit Teleskop,"2,00"
Spreiznuss,"2,40"
Bremsenrückstellung,"30,00"
Codierung,"50,00"
Hella Gutmann,"30,00"
Launch,"30,00"
DPF_Regen,"50,00"
Fehlercode_auslesen,"30,00"
Intervall_zurück,"8,00"
Altglasentsorgung,"5,00"
Altreifen+Felge,"10,00"
AltreifenStk,"6,00"
Altölentsorg,"5,00"
Bremsflüssigkent,"4,00"
Frostschutzent,"6,00"
AU PKW,"59,00"
Änderungsnachweis19,"48,79"
HU Durchsicht,"30,00"
HU PKW29,"142,80"
HU PKW292,"190,40"
Nachkontrolle29,"24,99"
Dichtigkeitsprüfung,"19,99"
Desinfektion,"40,00"
Klimaab500,"130,00"
Klimabis500,"120,00"
Klima_R1234YF,"115,00"
Felgenhorn,"5,00"
Räderwechselab18,"10,00"
RäderwechselStück17,"7,50"
RDKSAnlernen,"4,99"
Reifen flicken,"29,99"
Reifen wuchten,"8,00"
Reifeneinlagerung,"40,00"
Reifenflicken/Lose,"30,00"
Reifenflicken/RW,"37,50"
Reifengas,"2,50"
RMAlu -17 Zoll,"15,00"
RMAlu 18 Zoll,"18,00"
RMAlu 19 Zoll,"19,00"
RMAlu 20 Zoll,"20,00"
RMC Schwerlastv.,"20,00"
RMFremdreifen 19 Zoll,"29,00"
RMFremdreifen Alu 18 Zoll,"29,89"
RMLLKW,"14,99"
RMRUNFLAT,"20,00"
RMStahl,"14,99"
RMStahl-AluFremd-17,"25,00"
RMpauschale (7.50),"7,50"
RWAlu,"7,00"
RWStahl,"7,00"
Bremsflüssigkeitsw,"70,00"
Elektrikarbeiten,"110,00"
Fahrzeugdiagnose,"49,99"
Getriebeölspülung,"154,00"
InspektionVor,"95,00"
Karosseriearbeiten,"110,00"
KundendienstVor,"115,00"
Lackierung,"155,00"
Meisterstunde,"115,00"
Ölwechsel1,"24,99"
Ölwechsel2,"29,99"
Scheinwerfereinstellung,"10,00"
Urlaubscheck,"29,99"
Wintercheck,"40,00"
Einbauanleitung,"5,00"
Leihwagen,"36,00"
Reinigungspauschale,"10,00"
Übernachtung1,"15,00"
Übernachtung2,"7,50"
Motoroel 5w 30,"16,49"
Motoroel 5w 40,"12,00"
Motoroel 10w 40,"8,00"
BF DOT4,"15,00"
DSG-Ggetriebeoel,"18,99"
Frostschutz Blau,"10,00"
Frostschutz CT S,"10,00"
Frostschutz Entsorg,"6,00"
Frostschutz G12++,"10,00"
Frostschutz G13VW,"16,00"
MPM Screenwash,"16,99"
Oel 70W-75W,"23,99"
SAE 75W-90,"18,99"
Sonax Enteiser,"9,49"
TopTec 1200,"17,99"
TopTec 5100 75W,"14,99"
Zentralhydraulikoel,"19,00"
Auspuffgummi,"5,00"
Auspuffmontagepaste,"7,00"
Buegel/Bandsch kl,"5,99"
Buegel/Bandschelle,"5,99"
Buegelschelle 40mm,"5,99"
Buegelschelle 42mm,"5,99"
Buegelschelle 45mm,"5,99"
Buegelschelle 48mm,"5,99"
Buegelschelle 50mm,"5,99"
Buegelschelle 52mm,"5,99"
Buegelschelle 54mm,"5,99"
Buegelschelle 58mm,"5,99"
Buegelschelle 60mm,"5,99"
Buegelschelle 62mm,"5,99"
Buegelschelle 64mm,"5,99"
Buegelschelle 76mm,"5,99"
Montagepaste Zement,"7,50"
MontagepasteFireG,"7,50"
VAG Schelle 35.5MM,"5,99"
VAG Schelle 41.5MM,"5,99"
VAG Schelle 42.5MM,"5,99"
VAG Schelle 45.5MM,"5,99"
VAG Schelle 46.7MM,"5,99"
VAG Schelle 48.5MM,"5,99"
VAG Schelle 49.5MM,"5,99"
VAG Schelle 51.5MM,"5,99"
VAG Schelle 52.3MM,"5,99"
VAG Schelle 53.5MM,"5,99"
VAG Schelle 54.5MM,"5,99"
VAG Schelle 55.5MM,"5,99"
VAG Schelle 58.5MM,"5,99"
VAG Schelle 59.5MM,"5,99"
VAG Schelle 60.5MM,"5,99"
VAG Schelle 62.5MM,"5,99"
VAG Schelle 64.5MM,"5,99"
Birne 10W12V,"1,60"
Birne C5W,"1,20"
Birne H10W,"8,99"
Birne H3,"5,40"
Birne H4,"4,99"
Birne H6W,"4,99"
Birne H7,"9,00"
Birne H8,"19,99"
Birne P21/4W,"2,40"
Birne P21/5W,"3,00"
Birne P21W,"2,20"
Birne PY21W,"2,60"
Birne R10W,"1,20"
Birne R5W,"1,20"
Birne T4W,"1,20"
"Birne W1,2W","1,20"
Birne W5W,"1,20"
Birne WY5W,"2,99"
Brems Ruecklicht,"2,60"
Glassockellampe W5W,"1,20"
Kugellampe,"1,60"
Soffittenlampe,"1,20"
Bohrer 1,"1,00"
Bohrer 2,"2,00"
Bohrer 3,"3,00"
Bohrer 4,"4,00"
Bohrer 5,"5,00"
Bohrer 6,"6,00"
Bohrer 7,"7,00"
Bohrer 8,"8,00"
Bohrer 9,"9,00"
Bohrer 10,"10,00"
LM Fliess Fit,"5,99"
LM Fließ Fit K,"14,99"
LM Getriebe-Reiniger,"18,99"
LM Speed Tec Benzin,"8,99"
LM Speed Tec Diesel,"8,99"
Berner UBS,"11,99"
Bremsenreiniger 500,"4,99"
Cartechnic UBSW,"19,99"
Steinschlag U-Schutz,"10,00"
Rostloeser,"9,99"
Hohlraumversiegelung,"24,99"
Cartechnic St/UBS,"19,99"
CM 2K Klarlack,"30,00"
Brunox Roststopp,"48,99"
Blechmutter,"1,20"
Blechschrauben,"0,60"
Einweghandschuhe,"1,00"
Heisskleber Stick,"2,00"
Isolierband Ganz,"3,00"
Kabelbinder Gross,"0,70"
Kabelbinder Klein,"0,30"
Kabelbinder Mittel,"0,50"
Kabelschuh,"1,20"
KleinM 160,"1,60"
KleinM 240,"2,40"
KleinM 320,"3,20"
KleinM 80,"0,80"
Kleinmaterial,"1,20"
Kleinmaterial,"2,40"
Kupfer/Aluring,"1,40"
Kupfermutter,"1,60"
Niete,"0,60"
Nutenstein,"2,40"
Schlauchschelle Gr,"3,90"
Schlauchschelle Kl,"1,60"
Schlauchschelle Mi,"3,20"
Schlauchschelle12-22,"1,60"
Schlauchschelle16-27,"3,20"
Schlauchschelle20-32,"3,20"
Schlauchschelle25-40,"3,20"
Schlauchschelle32-50,"3,90"
Schlauchschelle40-60,"3,90"
Schlauchschelle50-70,"3,90"
Schlauchschelle60-80,"3,90"
Schlauchschelle8-12,"1,60"
Schlauchschelle8-16,"1,60"
Schleifpapier,"1,20"
Schraubensicherung,"2,40"
Schruppscheibe,"7,00"
Sekundenkleber,"3,50"
Sicherung,"2,00"
Ventil,"0,80"
Bremsenpaste an,"2,40"
Bremsenreiniger,"4,99"
Cuttermesser,"2,50"
DPF-Reiniger,"29,99"
Faecherscheibe an,"3,00"
Faecherscheibe neu,"7,00"
Fett mit Pinsel,"2,40"
Fettspray,"11,99"
Firegum,"7,00"
Gehaeusedichtung an,"5,00"
Handschuhe,"5,00"
Karosseriedichtmasse,"9,99"
Lecksuchspray,"9,99"
Loctite,"2,50"
Mewa Lappen,"0,60"
Motordichtmasse An,"5,00"
Nitro,"3,00"
Pinsel,"3,00"
Putzlappen,"0,60"
Rostloeser,"9,99"
Saegemehl,"3,00"
Schaber Ersatz,"1,20"
Trennscheibe 1.0 mm,"4,00"
Zinkspray,"11,00"